name_of_estimator_pipe,train_score,test_score,cross_val_score,RMSE_train,RMSE_val
lr_pipe,1.0,-0.8064376083819718,-1.3421238940206202,3.0736098171946326e-14,15.46883123936881
ridge_pipe,0.9991339625765945,-0.7266327880130223,-1.3078580798271309,0.3158303376506942,15.123280598532718
en_pipe,0.07613958147651845,-0.036364738413293685,-0.24638805330778793,10.315462280901228,11.716619661104348
knn_pipe,0.19059091725362698,-0.3151120654945643,-0.3017934366387178,9.655384025400858,13.198585782827896
dt_pipe,0.9321787612225487,-1.0081864781881076,-0.84796496793176,2.7949135166904275,16.309777544081186
rf_pipe,0.8615636994433027,0.015505871695075002,-0.1688541967287916,3.993102952146448,11.419644477828545
ada_dt,0.9913659338535946,0.02090739809197184,-0.4859929029471031,0.9972250991835281,11.38827387315896
gb_pipe,0.9999992888237811,-0.3226444325601139,-0.2755707543807797,0.009050532409340336,13.23632957986325
