name_of_estimator_pipe,train_score,test_score,cross_val_score,RMSE_train,RMSE_val
lr_pipe,1.0,0.24796980326061568,-2.2435360853721185,5.330074015153098e-14,9.112858380256315
ridge_pipe,0.99822805885722,0.2560531786790028,-2.1265994262354213,0.5264481742287678,9.06375019822038
en_pipe,0.09681512362551525,-0.08549652050797496,-0.7639143136658403,11.885550624303283,10.948413695050103
knn_pipe,0.20799603276641065,-0.29562907510263203,-0.7127072800065423,11.129986979753909,11.961270835492355
dt_pipe,0.8495307679255811,-1.3675765574441967,-2.0374708107273554,4.851263117347572,16.169217275944575
rf_pipe,0.845601911067847,-0.1288836633663364,-0.7267325694131873,4.914189934451498,11.165073219643478
ada_dt,0.9892929015365628,-0.10945295357364304,-1.156373101705609,1.2940971358936406,11.068567725167764
gb_pipe,0.9999985692053074,-0.3997590959284194,-0.8906265310077555,0.014959588178529123,12.432647791187614
